{"cameraMode":{"drawMode":0,"name":"Shaded","section":"Shading Mode"},"sceneLighting":true,"audioPlay":false,"sceneViewState":{"m_AlwaysRefresh":false,"showFog":true,"showSkybox":true,"showFlares":true,"showImageEffects":true,"showParticleSystems":true,"showVisualEffectGraphs":true,"m_FxEnabled":true},"in2DMode":false,"pivot":{"x":336.9002685546875,"y":160.23458862304688,"z":-1.4261610507965088},"rotation":{"x":-0.04634452611207962,"y":0.9305492043495178,"z":-0.12668636441230775,"w":-0.34041428565979006},"size":224.01010131835938,"orthographic":false}