{"cameraMode":{"drawMode":0,"name":"Shaded","section":"Shading Mode"},"sceneLighting":true,"audioPlay":false,"sceneViewState":{"m_AlwaysRefresh":false,"showFog":true,"showSkybox":true,"showFlares":true,"showImageEffects":true,"showParticleSystems":true,"showVisualEffectGraphs":true,"m_FxEnabled":true},"in2DMode":false,"pivot":{"x":-1.6061034202575684,"y":0.004050254821777344,"z":-0.26523303985595705},"rotation":{"x":-0.03570527955889702,"y":0.9617513418197632,"z":-0.15304610133171082,"w":-0.22437553107738496},"size":5.500659465789795,"orthographic":false}